{"name":"renderer","content":{"./node_modules/@electron/notarize/lib/index.js":{"id":"./node_modules/@electron/notarize/lib/index.js","buildMeta":{"exportsType":"namespace","strictHarmonyModule":true},"exports":["notarize","validateAuthorizationArgs"]},"./node_modules/electron-debug/index.js":{"id":"./node_modules/electron-debug/index.js","buildMeta":{"exportsType":"namespace","strictHarmonyModule":true},"exports":["default","devTools","openDevTools","refresh"]},"./node_modules/electron-log/src/renderer/index.js":{"id":"./node_modules/electron-log/src/renderer/index.js","buildMeta":{}},"./node_modules/electron-updater/out/main.js":{"id":"./node_modules/electron-updater/out/main.js","buildMeta":{"exportsType":"flagged","defaultObject":"redirect"},"exports":["AppImageUpdater","AppUpdater","BaseUpdater","CancellationToken","DOWNLOAD_PROGRESS","DebUpdater","MacUpdater","NoOpLogger","NsisUpdater","Provider","RpmUpdater","UPDATE_DOWNLOADED","UpdaterSignal","__esModule","autoUpdater"]},"./node_modules/react-dom/index.js":{"id":"./node_modules/react-dom/index.js","buildMeta":{"exportsType":"dynamic","defaultObject":"redirect"},"exports":["__DOM_INTERNALS_DO_NOT_USE_OR_WARN_USERS_THEY_CANNOT_UPGRADE","createPortal","flushSync","preconnect","prefetchDNS","preinit","preinitModule","preload","preloadModule","requestFormReset","unstable_batchedUpdates","useFormState","useFormStatus","version"]},"./node_modules/react-router-dom/dist/index.js":{"id":"./node_modules/react-router-dom/dist/index.js","buildMeta":{}},"./node_modules/react/index.js":{"id":"./node_modules/react/index.js","buildMeta":{"exportsType":"dynamic","defaultObject":"redirect"}}}}